Date,Weekday,Number of Files
2024-01-21,Sunday,3
2024-01-27,Saturday,4
2024-01-28,Sunday,5
2024-02-03,Saturday,4
2024-02-04,Sunday,3
2024-02-10,Saturday,2
2024-02-11,Sunday,4
2024-02-17,Saturday,2
2024-02-18,Sunday,4
2024-03-09,Saturday,2
2024-03-10,Sunday,1
2024-03-16,Saturday,1
2024-03-17,Sunday,2
2024-03-23,Saturday,2
2024-03-30,Saturday,3
2024-03-31,Sunday,1
2024-04-06,Saturday,2
2024-04-07,Sunday,3
2024-04-13,Saturday,1
2024-04-14,Sunday,2
2024-04-20,Saturday,2
2024-04-21,Sunday,2
2024-04-27,Saturday,4
2024-04-28,Sunday,1
2024-05-04,Saturday,1
2024-05-05,Sunday,2
2024-05-18,Saturday,1
2024-05-19,Sunday,3
2024-05-25,Saturday,2
2024-05-26,Sunday,2
2024-06-01,Saturday,2
2024-06-02,Sunday,2
2024-06-08,Saturday,1
2024-06-09,Sunday,1
2024-06-15,Saturday,2
2024-06-16,Sunday,1
2024-06-22,Saturday,3
2024-06-23,Sunday,5
2024-06-29,Saturday,1
2024-06-30,Sunday,2
2024-07-06,Saturday,3
2024-07-13,Saturday,10
2024-07-14,Sunday,2
2024-07-20,Saturday,2
2024-07-21,Sunday,2
2024-07-27,Saturday,2
2024-07-28,Sunday,2
2024-08-03,Saturday,3
2024-08-04,Sunday,2
